instant,predicci√≥n
12000,127.0
12001,120.0
12002,126.0
12003,123.0
12004,151.0
12005,178.0
12006,181.0
12007,179.0
12008,191.0
12009,205.0
12010,207.0
12011,188.0
12012,207.0
12013,205.0
12014,191.0
12015,154.0
12016,154.0
12017,143.0
12018,138.0
12019,80.0
12020,91.0
12021,104.0
12022,66.0
12023,118.0
12024,64.0
12025,64.0
12026,64.0
12027,64.0
12028,63.0
12029,64.0
12030,63.0
12031,141.0
12032,129.0
12033,57.0
12034,62.0
12035,148.0
12036,151.0
12037,168.0
12038,163.0
12039,184.0
12040,165.0
12041,164.0
12042,141.0
12043,163.0
12044,209.0
12045,221.0
12046,135.0
12047,135.0
12048,132.0
12049,66.0
12050,71.0
12051,71.0
12052,131.0
12053,148.0
12054,149.0
12055,144.0
12056,146.0
12057,156.0
12058,153.0
12059,227.0
12060,212.0
12061,239.0
12062,214.0
12063,188.0
12064,170.0
12065,160.0
12066,159.0
12067,158.0
12068,231.0
12069,254.0
12070,143.0
12071,158.0
12072,65.0
12073,62.0
12074,127.0
12075,153.0
12076,153.0
12077,144.0
12078,160.0
12079,163.0
12080,173.0
12081,171.0
12082,210.0
12083,192.0
12084,163.0
12085,121.0
12086,121.0
12087,144.0
12088,148.0
12089,141.0
12090,144.0
12091,160.0
12092,217.0
12093,217.0
12094,140.0
12095,134.0
12096,133.0
12097,133.0
12098,133.0
12099,164.0
12100,160.0
12101,159.0
12102,182.0
12103,200.0
12104,228.0
12105,235.0
12106,225.0
12107,222.0
12108,222.0
12109,223.0
12110,233.0
12111,215.0
12112,172.0
12113,105.0
12114,152.0
12115,151.0
12116,210.0
12117,248.0
12118,141.0
12119,135.0
12120,136.0
12121,139.0
12122,135.0
12123,132.0
12124,144.0
12125,145.0
12126,179.0
12127,180.0
12128,215.0
12129,213.0
12130,220.0
12131,215.0
12132,228.0
12133,217.0
12134,215.0
12135,211.0
12136,214.0
12137,216.0
12138,184.0
12139,167.0
12140,210.0
12141,228.0
12142,140.0
12143,134.0
12144,139.0
12145,141.0
12146,133.0
12147,141.0
12148,157.0
12149,149.0
12150,180.0
12151,203.0
12152,209.0
12153,206.0
12154,207.0
12155,209.0
12156,225.0
12157,201.0
12158,202.0
12159,191.0
12160,199.0
12161,191.0
12162,202.0
12163,202.0
12164,311.0
12165,367.0
12166,151.0
12167,152.0
12168,129.0
12169,129.0
12170,131.0
12171,118.0
12172,130.0
12173,141.0
12174,171.0
12175,187.0
12176,183.0
12177,195.0
12178,192.0
12179,200.0
12180,200.0
12181,201.0
12182,193.0
12183,195.0
12184,199.0
12185,126.0
12186,78.0
12187,82.0
12188,197.0
12189,254.0
12190,134.0
12191,152.0
12192,146.0
12193,146.0
12194,152.0
12195,141.0
12196,175.0
12197,212.0
12198,212.0
12199,207.0
12200,208.0
12201,208.0
12202,208.0
12203,209.0
12204,210.0
12205,209.0
12206,205.0
12207,215.0
12208,206.0
12209,204.0
12210,200.0
12211,196.0
12212,258.0
12213,353.0
12214,181.0
12215,170.0
12216,167.0
12217,167.0
12218,167.0
12219,167.0
12220,202.0
12221,203.0
12222,197.0
12223,214.0
12224,224.0
12225,224.0
12226,223.0
12227,228.0
12228,223.0
12229,228.0
12230,223.0
12231,224.0
12232,162.0
12233,58.0
12234,139.0
12235,68.0
12236,121.0
12237,134.0
12238,70.0
12239,74.0
12240,137.0
12241,147.0
12242,146.0
12243,85.0
12244,145.0
12245,155.0
12246,158.0
12247,172.0
12248,238.0
12249,241.0
12250,241.0
12251,239.0
12252,237.0
12253,235.0
12254,228.0
12255,235.0
12256,144.0
12257,218.0
12258,188.0
12259,199.0
12260,271.0
12261,317.0
12262,178.0
12263,167.0
12264,164.0
12265,166.0
12266,167.0
12267,173.0
12268,192.0
12269,209.0
12270,236.0
12271,242.0
12272,241.0
12273,245.0
12274,237.0
12275,236.0
12276,241.0
12277,245.0
12278,238.0
12279,251.0
12280,230.0
12281,230.0
12282,214.0
12283,209.0
12284,351.0
12285,429.0
12286,195.0
12287,147.0
12288,147.0
12289,148.0
12290,74.0
12291,134.0
12292,134.0
12293,139.0
12294,157.0
12295,183.0
12296,181.0
12297,204.0
12298,165.0
12299,165.0
12300,165.0
12301,164.0
12302,65.0
12303,65.0
12304,64.0
12305,105.0
12306,70.0
12307,70.0
12308,208.0
12309,212.0
12310,122.0
12311,149.0
12312,148.0
12313,129.0
12314,126.0
12315,142.0
12316,160.0
12317,162.0
12318,189.0
12319,181.0
12320,205.0
12321,209.0
12322,217.0
12323,222.0
12324,222.0
12325,239.0
12326,239.0
12327,234.0
12328,218.0
12329,222.0
12330,195.0
12331,173.0
12332,279.0
12333,333.0
12334,136.0
12335,133.0
12336,122.0
12337,125.0
12338,110.0
12339,122.0
12340,146.0
12341,166.0
12342,168.0
12343,175.0
12344,179.0
12345,194.0
12346,191.0
12347,226.0
12348,203.0
12349,206.0
12350,206.0
12351,195.0
12352,182.0
12353,178.0
12354,156.0
12355,157.0
12356,252.0
12357,178.0
12358,161.0
12359,147.0
12360,157.0
12361,142.0
12362,142.0
12363,161.0
12364,192.0
12365,197.0
12366,196.0
12367,198.0
12368,196.0
12369,198.0
12370,195.0
12371,207.0
12372,203.0
12373,199.0
12374,202.0
12375,200.0
12376,195.0
12377,169.0
12378,163.0
12379,169.0
12380,272.0
12381,255.0
12382,81.0
12383,67.0
12384,67.0
12385,68.0
12386,114.0
12387,118.0
12388,115.0
12389,124.0
12390,135.0
12391,149.0
12392,145.0
12393,178.0
12394,152.0
12395,154.0
12396,200.0
12397,211.0
12398,200.0
12399,173.0
12400,166.0
12401,167.0
12402,169.0
12403,164.0
12404,237.0
12405,264.0
12406,137.0
12407,127.0
12408,130.0
12409,125.0
12410,125.0
12411,134.0
12412,152.0
12413,165.0
12414,208.0
12415,214.0
12416,217.0
12417,214.0
12418,222.0
12419,222.0
12420,217.0
12421,211.0
12422,139.0
12423,148.0
12424,149.0
12425,152.0
12426,145.0
12427,142.0
12428,234.0
12429,286.0
12430,145.0
12431,139.0
12432,116.0
12433,126.0
12434,116.0
12435,128.0
12436,142.0
12437,160.0
12438,182.0
12439,211.0
12440,245.0
12441,240.0
12442,243.0
12443,252.0
12444,246.0
12445,244.0
12446,241.0
12447,241.0
12448,218.0
12449,201.0
12450,201.0
12451,173.0
12452,280.0
12453,369.0
12454,170.0
12455,158.0
12456,148.0
12457,136.0
12458,141.0
12459,143.0
12460,173.0
12461,196.0
12462,209.0
12463,235.0
12464,237.0
12465,238.0
12466,234.0
12467,239.0
12468,235.0
12469,236.0
12470,241.0
12471,243.0
12472,256.0
12473,251.0
12474,232.0
12475,198.0
12476,396.0
12477,381.0
12478,199.0
12479,201.0
12480,201.0
12481,199.0
12482,166.0
12483,173.0
12484,186.0
12485,198.0
12486,237.0
12487,263.0
12488,250.0
12489,248.0
12490,249.0
12491,246.0
12492,249.0
12493,262.0
12494,248.0
12495,259.0
12496,246.0
12497,241.0
12498,228.0
12499,213.0
12500,295.0
12501,312.0
12502,153.0
12503,151.0
12504,131.0
12505,149.0
12506,134.0
12507,130.0
12508,151.0
12509,206.0
12510,211.0
12511,218.0
12512,233.0
12513,226.0
12514,225.0
12515,220.0
12516,215.0
12517,211.0
12518,212.0
12519,222.0
12520,208.0
12521,198.0
12522,187.0
12523,205.0
12524,304.0
12525,379.0
12526,182.0
12527,157.0
12528,160.0
12529,160.0
12530,160.0
12531,157.0
12532,183.0
12533,214.0
12534,221.0
12535,197.0
12536,199.0
12537,201.0
12538,207.0
12539,225.0
12540,202.0
12541,203.0
12542,196.0
12543,193.0
12544,196.0
12545,187.0
12546,187.0
12547,187.0
12548,301.0
12549,401.0
12550,182.0
12551,172.0
12552,66.0
12553,70.0
12554,136.0
12555,64.0
12556,123.0
12557,129.0
12558,79.0
12559,113.0
12560,118.0
12561,121.0
12562,78.0
12563,88.0
12564,134.0
12565,134.0
12566,177.0
12567,177.0
12568,177.0
12569,179.0
12570,141.0
12571,87.0
12572,193.0
12573,276.0
12574,159.0
12575,154.0
12576,160.0
12577,153.0
12578,146.0
12579,139.0
12580,140.0
12581,156.0
12582,158.0
12583,179.0
12584,194.0
12585,207.0
12586,218.0
12587,235.0
12588,236.0
12589,235.0
12590,235.0
12591,236.0
12592,222.0
12593,201.0
12594,196.0
12595,199.0
12596,313.0
12597,410.0
12598,172.0
12599,173.0
12600,169.0
12601,169.0
12602,167.0
12603,182.0
12604,170.0
12605,181.0
12606,170.0
12607,201.0
12608,173.0
12609,218.0
12610,229.0
12611,227.0
12612,236.0
12613,241.0
12614,228.0
12615,232.0
12616,194.0
12617,179.0
12618,156.0
12619,156.0
12620,260.0
12621,311.0
12622,152.0
12623,148.0
12624,148.0
12625,127.0
12626,148.0
12627,148.0
12628,169.0
12629,177.0
12630,198.0
12631,209.0
12632,239.0
12633,235.0
12634,239.0
12635,239.0
12636,241.0
12637,237.0
12638,243.0
12639,241.0
12640,222.0
12641,214.0
12642,205.0
12643,195.0
12644,343.0
12645,334.0
12646,183.0
12647,167.0
12648,163.0
12649,159.0
12650,155.0
12651,155.0
12652,172.0
12653,190.0
12654,207.0
12655,236.0
12656,242.0
12657,264.0
12658,252.0
12659,245.0
12660,231.0
12661,227.0
12662,228.0
12663,221.0
12664,189.0
12665,178.0
12666,190.0
12667,189.0
12668,290.0
12669,330.0
12670,153.0
12671,146.0
12672,145.0
12673,137.0
12674,126.0
12675,126.0
12676,133.0
12677,142.0
12678,153.0
12679,171.0
12680,173.0
12681,168.0
12682,177.0
12683,168.0
12684,167.0
12685,162.0
12686,164.0
12687,168.0
12688,161.0
12689,161.0
12690,159.0
12691,148.0
12692,258.0
12693,354.0
12694,146.0
12695,123.0
12696,127.0
12697,74.0
12698,81.0
12699,74.0
12700,131.0
12701,128.0
12702,72.0
12703,130.0
12704,81.0
12705,136.0
12706,134.0
12707,141.0
12708,139.0
12709,139.0
12710,155.0
12711,145.0
12712,143.0
12713,143.0
12714,141.0
12715,85.0
12716,227.0
12717,280.0
12718,148.0
12719,146.0
12720,148.0
12721,140.0
12722,146.0
12723,148.0
12724,144.0
12725,165.0
12726,165.0
12727,189.0
12728,222.0
12729,220.0
12730,219.0
12731,216.0
12732,228.0
12733,225.0
12734,227.0
12735,216.0
12736,224.0
12737,214.0
12738,184.0
12739,186.0
12740,258.0
12741,339.0
12742,172.0
12743,173.0
12744,173.0
12745,173.0
12746,148.0
12747,150.0
12748,177.0
12749,183.0
12750,227.0
12751,227.0
12752,232.0
12753,235.0
12754,231.0
12755,242.0
12756,240.0
12757,241.0
12758,241.0
12759,235.0
12760,236.0
12761,237.0
12762,234.0
12763,216.0
12764,258.0
12765,333.0
12766,174.0
12767,179.0
12768,162.0
12769,161.0
12770,163.0
12771,163.0
12772,181.0
12773,212.0
12774,204.0
12775,210.0
12776,217.0
12777,217.0
12778,215.0
12779,215.0
12780,218.0
12781,217.0
12782,210.0
12783,217.0
12784,212.0
12785,211.0
12786,186.0
12787,189.0
12788,273.0
12789,349.0
12790,168.0
12791,168.0
12792,177.0
12793,178.0
12794,178.0
12795,207.0
12796,217.0
12797,215.0
12798,217.0
12799,207.0
12800,205.0
12801,217.0
12802,217.0
12803,220.0
12804,221.0
12805,203.0
12806,198.0
12807,192.0
12808,192.0
12809,152.0
12810,176.0
12811,160.0
12812,183.0
12813,267.0
12814,141.0
12815,149.0
12816,148.0
12817,141.0
12818,139.0
12819,139.0
12820,179.0
12821,206.0
12822,221.0
12823,229.0
12824,225.0
12825,230.0
12826,234.0
12827,234.0
12828,233.0
12829,234.0
12830,233.0
12831,234.0
12832,233.0
12833,237.0
12834,233.0
12835,229.0
12836,333.0
12837,333.0
12838,171.0
12839,154.0
12840,156.0
12841,139.0
12842,153.0
12843,141.0
12844,187.0
12845,195.0
12846,202.0
12847,206.0
12848,214.0
12849,215.0
12850,218.0
12851,221.0
12852,220.0
12853,218.0
12854,216.0
12855,209.0
12856,207.0
12857,203.0
12858,195.0
12859,187.0
12860,283.0
12861,438.0
12862,184.0
12863,163.0
12864,151.0
12865,173.0
12866,147.0
12867,165.0
12868,169.0
12869,194.0
12870,212.0
12871,213.0
12872,198.0
12873,231.0
12874,222.0
12875,219.0
12876,224.0
12877,223.0
12878,229.0
12879,229.0
12880,225.0
12881,204.0
12882,203.0
12883,196.0
12884,304.0
12885,387.0
12886,161.0
12887,159.0
12888,157.0
12889,157.0
12890,153.0
12891,154.0
12892,152.0
12893,156.0
12894,181.0
12895,194.0
12896,199.0
12897,220.0
12898,220.0
12899,230.0
12900,227.0
12901,232.0
12902,235.0
12903,239.0
12904,225.0
12905,214.0
12906,210.0
12907,188.0
12908,299.0
12909,360.0
12910,159.0
12911,161.0
12912,183.0
12913,183.0
12914,160.0
12915,182.0
12916,180.0
12917,198.0
12918,222.0
12919,230.0
12920,234.0
12921,232.0
12922,228.0
12923,227.0
12924,227.0
12925,230.0
12926,232.0
12927,231.0
12928,230.0
12929,226.0
12930,213.0
12931,208.0
12932,304.0
12933,360.0
12934,191.0
12935,191.0
12936,156.0
12937,179.0
12938,179.0
12939,156.0
12940,195.0
12941,221.0
12942,227.0
12943,226.0
12944,235.0
12945,230.0
12946,227.0
12947,227.0
12948,226.0
12949,227.0
12950,229.0
12951,229.0
12952,223.0
12953,225.0
12954,214.0
12955,219.0
12956,321.0
12957,449.0
12958,215.0
12959,215.0
12960,201.0
12961,197.0
12962,187.0
12963,197.0
12964,193.0
12965,217.0
12966,218.0
12967,199.0
12968,197.0
12969,213.0
12970,215.0
12971,211.0
12972,211.0
12973,213.0
12974,215.0
12975,214.0
12976,210.0
12977,193.0
12978,155.0
12979,155.0
12980,91.0
12981,90.0
12982,144.0
12983,144.0
12984,122.0
12985,123.0
12986,123.0
12987,123.0
12988,123.0
12989,123.0
12990,227.0
12991,227.0
12992,227.0
12993,227.0
12994,227.0
12995,227.0
12996,230.0
12997,232.0
12998,235.0
12999,221.0
13000,203.0
13001,203.0
13002,202.0
13003,197.0
13004,294.0
13005,359.0
13006,165.0
13007,153.0
13008,154.0
13009,145.0
13010,145.0
13011,164.0
13012,182.0
13013,185.0
13014,207.0
13015,208.0
13016,210.0
13017,212.0
13018,212.0
13019,212.0
13020,212.0
13021,214.0
13022,216.0
13023,210.0
13024,210.0
13025,210.0
13026,207.0
13027,159.0
13028,252.0
13029,372.0
13030,201.0
13031,198.0
13032,200.0
13033,193.0
13034,199.0
13035,204.0
13036,224.0
13037,220.0
13038,218.0
13039,231.0
13040,224.0
13041,226.0
13042,226.0
13043,222.0
13044,230.0
13045,221.0
13046,222.0
13047,207.0
13048,207.0
13049,212.0
13050,217.0
13051,204.0
13052,297.0
13053,385.0
13054,200.0
13055,196.0
13056,188.0
13057,193.0
13058,196.0
13059,196.0
13060,195.0
13061,207.0
13062,220.0
13063,223.0
13064,223.0
13065,223.0
13066,221.0
13067,205.0
13068,209.0
13069,204.0
13070,201.0
13071,206.0
13072,164.0
13073,175.0
13074,168.0
13075,159.0
13076,239.0
13077,266.0
13078,145.0
13079,172.0
13080,170.0
13081,163.0
13082,163.0
13083,183.0
13084,189.0
13085,212.0
13086,226.0
13087,217.0
13088,218.0
13089,234.0
13090,226.0
13091,224.0
13092,223.0
13093,224.0
13094,219.0
13095,217.0
13096,217.0
13097,203.0
13098,203.0
13099,211.0
13100,307.0
13101,487.0
13102,204.0
13103,234.0
13104,200.0
13105,196.0
13106,200.0
13107,199.0
13108,209.0
13109,218.0
13110,213.0
13111,219.0
13112,220.0
13113,219.0
13114,221.0
13115,222.0
13116,218.0
13117,214.0
13118,201.0
13119,201.0
13120,199.0
13121,215.0
13122,191.0
13123,207.0
13124,303.0
13125,467.0
13126,203.0
13127,176.0
13128,194.0
13129,188.0
13130,188.0
13131,213.0
13132,214.0
13133,222.0
13134,220.0
13135,219.0
13136,222.0
13137,219.0
13138,218.0
13139,217.0
13140,217.0
13141,219.0
13142,218.0
13143,219.0
13144,215.0
13145,202.0
13146,212.0
13147,186.0
13148,332.0
13149,357.0
13150,186.0
13151,187.0
13152,189.0
13153,187.0
13154,182.0
13155,180.0
13156,188.0
13157,193.0
13158,218.0
13159,219.0
13160,228.0
13161,211.0
13162,209.0
13163,230.0
13164,226.0
13165,228.0
13166,231.0
13167,229.0
13168,227.0
13169,222.0
13170,194.0
13171,203.0
13172,306.0
13173,363.0
13174,188.0
13175,176.0
13176,166.0
13177,181.0
13178,163.0
13179,177.0
13180,189.0
13181,192.0
13182,206.0
13183,204.0
13184,204.0
13185,208.0
13186,209.0
13187,164.0
13188,164.0
13189,178.0
13190,182.0
13191,187.0
13192,166.0
13193,171.0
13194,131.0
13195,116.0
13196,195.0
13197,178.0
13198,113.0
13199,113.0
13200,80.0
13201,147.0
13202,78.0
13203,115.0
13204,155.0
13205,155.0
13206,150.0
13207,190.0
13208,189.0
13209,194.0
13210,199.0
13211,200.0
13212,225.0
13213,212.0
13214,214.0
13215,213.0
13216,190.0
13217,187.0
13218,188.0
13219,182.0
13220,251.0
13221,360.0
13222,178.0
13223,166.0
13224,169.0
13225,162.0
13226,162.0
13227,172.0
13228,182.0
13229,191.0
13230,208.0
13231,216.0
13232,213.0
13233,222.0
13234,222.0
13235,221.0
13236,219.0
13237,221.0
13238,158.0
13239,158.0
13240,88.0
13241,79.0
13242,150.0
13243,143.0
13244,226.0
13245,217.0
13246,135.0
13247,138.0
13248,138.0
13249,135.0
13250,138.0
13251,160.0
13252,164.0
13253,170.0
13254,192.0
13255,192.0
13256,191.0
13257,199.0
13258,221.0
13259,220.0
13260,222.0
13261,229.0
13262,227.0
13263,228.0
13264,219.0
13265,218.0
13266,216.0
13267,189.0
13268,265.0
13269,319.0
13270,166.0
13271,150.0
13272,151.0
13273,140.0
13274,152.0
13275,156.0
13276,192.0
13277,204.0
13278,220.0
13279,211.0
13280,220.0
13281,227.0
13282,226.0
13283,223.0
13284,223.0
13285,229.0
13286,219.0
13287,228.0
13288,228.0
13289,230.0
13290,224.0
13291,197.0
13292,284.0
13293,348.0
13294,172.0
13295,178.0
13296,173.0
13297,180.0
13298,192.0
13299,192.0
13300,192.0
13301,196.0
13302,194.0
13303,197.0
13304,199.0
13305,203.0
13306,201.0
13307,199.0
13308,206.0
13309,201.0
13310,221.0
13311,219.0
13312,219.0
13313,209.0
13314,208.0
13315,203.0
13316,350.0
13317,350.0
13318,191.0
13319,191.0
13320,151.0
13321,144.0
13322,150.0
13323,138.0
13324,132.0
13325,169.0
13326,176.0
13327,180.0
13328,180.0
13329,185.0
13330,201.0
13331,208.0
13332,158.0
13333,149.0
13334,180.0
13335,163.0
13336,163.0
13337,150.0
13338,173.0
13339,159.0
13340,174.0
13341,224.0
13342,138.0
13343,138.0
13344,138.0
13345,128.0
13346,146.0
13347,145.0
13348,152.0
13349,154.0
13350,175.0
13351,190.0
13352,203.0
13353,204.0
13354,210.0
13355,207.0
13356,206.0
13357,179.0
13358,129.0
13359,145.0
13360,154.0
13361,155.0
13362,165.0
13363,161.0
13364,171.0
13365,351.0
13366,170.0
13367,163.0
13368,158.0
13369,156.0
13370,164.0
13371,178.0
13372,186.0
13373,201.0
13374,187.0
13375,217.0
13376,203.0
13377,222.0
13378,207.0
13379,214.0
13380,149.0
13381,149.0
13382,196.0
13383,186.0
13384,191.0
13385,187.0
13386,193.0
13387,174.0
13388,211.0
13389,328.0
13390,183.0
13391,188.0
13392,196.0
13393,174.0
13394,191.0
13395,175.0
13396,187.0
13397,196.0
13398,194.0
13399,190.0
13400,200.0
13401,216.0
13402,222.0
13403,216.0
13404,217.0
13405,219.0
13406,218.0
13407,217.0
13408,220.0
13409,202.0
13410,216.0
13411,199.0
13412,282.0
13413,365.0
13414,191.0
13415,191.0
13416,186.0
13417,193.0
13418,193.0
13419,191.0
13420,194.0
13421,197.0
13422,212.0
13423,211.0
13424,215.0
13425,214.0
13426,219.0
13427,176.0
13428,192.0
13429,188.0
13430,192.0
13431,188.0
13432,195.0
13433,194.0
13434,199.0
13435,199.0
13436,265.0
13437,355.0
13438,190.0
13439,184.0
13440,184.0
13441,179.0
13442,192.0
13443,214.0
13444,213.0
13445,191.0
13446,211.0
13447,201.0
13448,220.0
13449,210.0
13450,209.0
13451,209.0
13452,209.0
13453,211.0
13454,210.0
13455,219.0
13456,202.0
13457,84.0
13458,84.0
13459,84.0
13460,115.0
13461,249.0
13462,148.0
13463,147.0
13464,146.0
13465,145.0
13466,146.0
13467,137.0
13468,166.0
13469,165.0
13470,170.0
13471,154.0
13472,134.0
13473,128.0
13474,140.0
13475,143.0
13476,148.0
13477,124.0
13478,148.0
13479,133.0
13480,78.0
13481,75.0
13482,135.0
13483,128.0
13484,82.0
13485,208.0
13486,55.0
13487,55.0
13488,56.0
13489,55.0
13490,55.0
13491,115.0
13492,124.0
13493,128.0
13494,55.0
13495,131.0
13496,61.0
13497,65.0
13498,119.0
13499,55.0
13500,56.0
13501,60.0
13502,124.0
13503,129.0
13504,60.0
13505,129.0
13506,125.0
13507,124.0
13508,184.0
13509,198.0
13510,119.0
13511,119.0
13512,108.0
13513,108.0
13514,131.0
13515,134.0
13516,135.0
13517,145.0
13518,145.0
13519,145.0
13520,156.0
13521,164.0
13522,174.0
13523,174.0
13524,174.0
13525,169.0
13526,173.0
13527,171.0
13528,158.0
13529,141.0
13530,160.0
13531,151.0
13532,202.0
13533,257.0
13534,136.0
13535,136.0
13536,135.0
13537,135.0
13538,152.0
13539,160.0
13540,169.0
13541,178.0
13542,182.0
13543,185.0
13544,185.0
13545,184.0
13546,185.0
13547,211.0
13548,200.0
13549,200.0
13550,204.0
13551,218.0
13552,201.0
13553,205.0
13554,201.0
13555,192.0
13556,257.0
13557,308.0
13558,161.0
13559,161.0
13560,162.0
13561,160.0
13562,162.0
13563,184.0
13564,186.0
13565,197.0
13566,201.0
13567,192.0
13568,188.0
13569,193.0
13570,195.0
13571,216.0
13572,213.0
13573,217.0
13574,211.0
13575,204.0
13576,191.0
13577,194.0
13578,192.0
13579,212.0
13580,317.0
13581,441.0
13582,192.0
13583,181.0
13584,162.0
13585,163.0
13586,161.0
13587,192.0
13588,219.0
13589,230.0
13590,211.0
13591,214.0
13592,214.0
13593,224.0
13594,225.0
13595,214.0
13596,226.0
13597,220.0
13598,228.0
13599,224.0
13600,223.0
13601,222.0
13602,205.0
13603,190.0
13604,290.0
13605,378.0
13606,164.0
13607,167.0
13608,172.0
13609,172.0
13610,151.0
13611,187.0
13612,176.0
13613,178.0
13614,190.0
13615,188.0
13616,208.0
13617,211.0
13618,213.0
13619,212.0
13620,218.0
13621,214.0
13622,214.0
13623,215.0
13624,212.0
13625,215.0
13626,215.0
13627,186.0
13628,250.0
13629,360.0
13630,169.0
13631,184.0
13632,171.0
13633,165.0
13634,171.0
13635,190.0
13636,184.0
13637,219.0
13638,210.0
13639,215.0
13640,218.0
13641,218.0
13642,213.0
13643,211.0
13644,217.0
13645,211.0
13646,208.0
13647,211.0
13648,192.0
13649,192.0
13650,198.0
13651,183.0
13652,398.0
13653,335.0
13654,187.0
13655,187.0
13656,173.0
13657,165.0
13658,182.0
13659,193.0
13660,194.0
13661,194.0
13662,211.0
13663,228.0
13664,221.0
13665,217.0
13666,222.0
13667,226.0
13668,222.0
13669,217.0
13670,223.0
13671,161.0
13672,146.0
13673,161.0
13674,161.0
13675,156.0
13676,172.0
13677,245.0
13678,152.0
13679,150.0
13680,141.0
13681,129.0
13682,143.0
13683,146.0
13684,175.0
13685,183.0
13686,186.0
13687,203.0
13688,201.0
13689,209.0
13690,209.0
13691,206.0
13692,206.0
13693,206.0
13694,207.0
13695,198.0
13696,174.0
13697,169.0
13698,159.0
13699,164.0
13700,222.0
13701,328.0
13702,167.0
13703,157.0
13704,157.0
13705,158.0
13706,161.0
13707,160.0
13708,174.0
13709,172.0
13710,176.0
13711,191.0
13712,184.0
13713,206.0
13714,223.0
13715,222.0
13716,223.0
13717,224.0
13718,212.0
13719,201.0
13720,188.0
13721,187.0
13722,171.0
13723,186.0
13724,227.0
13725,274.0
13726,162.0
13727,162.0
13728,162.0
13729,161.0
13730,136.0
13731,160.0
13732,169.0
13733,184.0
13734,188.0
13735,196.0
13736,211.0
13737,216.0
13738,216.0
13739,203.0
13740,215.0
13741,224.0
13742,228.0
13743,160.0
13744,159.0
13745,168.0
13746,170.0
13747,157.0
13748,227.0
13749,272.0
13750,140.0
13751,140.0
13752,147.0
13753,147.0
13754,150.0
13755,150.0
13756,149.0
13757,164.0
13758,190.0
13759,199.0
13760,204.0
13761,207.0
13762,208.0
13763,208.0
13764,216.0
13765,207.0
13766,165.0
13767,192.0
13768,191.0
13769,186.0
13770,184.0
13771,176.0
13772,237.0
13773,296.0
13774,162.0
13775,159.0
13776,159.0
13777,148.0
13778,159.0
13779,171.0
13780,179.0
13781,187.0
13782,197.0
13783,198.0
13784,213.0
13785,213.0
13786,210.0
13787,201.0
13788,212.0
13789,214.0
13790,196.0
13791,186.0
13792,181.0
13793,190.0
13794,186.0
13795,187.0
13796,288.0
13797,396.0
13798,163.0
13799,163.0
13800,148.0
13801,161.0
13802,149.0
13803,176.0
13804,186.0
13805,182.0
13806,194.0
13807,194.0
13808,192.0
13809,194.0
13810,195.0
13811,212.0
13812,199.0
13813,195.0
13814,182.0
13815,177.0
13816,179.0
13817,177.0
13818,185.0
13819,172.0
13820,284.0
13821,246.0
13822,169.0
13823,169.0
13824,174.0
13825,150.0
13826,150.0
13827,186.0
13828,186.0
13829,194.0
13830,198.0
13831,215.0
13832,221.0
13833,216.0
13834,220.0
13835,218.0
13836,221.0
13837,220.0
13838,218.0
13839,211.0
13840,209.0
13841,193.0
13842,188.0
13843,186.0
13844,291.0
13845,357.0
13846,157.0
13847,161.0
13848,161.0
13849,161.0
13850,154.0
13851,156.0
13852,171.0
13853,185.0
13854,182.0
13855,186.0
13856,202.0
13857,203.0
13858,203.0
13859,204.0
13860,209.0
13861,209.0
13862,139.0
13863,138.0
13864,140.0
13865,155.0
13866,155.0
13867,155.0
13868,223.0
13869,304.0
13870,171.0
13871,136.0
13872,173.0
13873,181.0
13874,161.0
13875,153.0
13876,168.0
13877,147.0
13878,187.0
13879,187.0
13880,183.0
13881,223.0
13882,204.0
13883,205.0
13884,207.0
13885,207.0
13886,211.0
13887,198.0
13888,187.0
13889,182.0
13890,178.0
13891,186.0
13892,209.0
13893,284.0
13894,163.0
13895,165.0
13896,166.0
13897,166.0
13898,167.0
13899,170.0
13900,178.0
13901,170.0
13902,180.0
13903,177.0
13904,195.0
13905,194.0
13906,190.0
13907,198.0
13908,154.0
13909,189.0
13910,188.0
13911,181.0
13912,180.0
13913,170.0
13914,179.0
13915,172.0
13916,200.0
13917,304.0
13918,165.0
13919,165.0
13920,165.0
13921,153.0
13922,165.0
13923,165.0
13924,175.0
13925,177.0
13926,190.0
13927,183.0
13928,183.0
13929,183.0
13930,196.0
13931,199.0
13932,197.0
13933,199.0
13934,191.0
13935,190.0
13936,188.0
13937,188.0
13938,179.0
13939,186.0
13940,277.0
13941,324.0
13942,162.0
13943,166.0
13944,152.0
13945,137.0
13946,161.0
13947,165.0
13948,179.0
13949,189.0
13950,216.0
13951,211.0
13952,211.0
13953,209.0
13954,223.0
13955,223.0
13956,219.0
13957,226.0
13958,197.0
13959,212.0
13960,226.0
13961,189.0
13962,160.0
13963,168.0
13964,281.0
13965,383.0
13966,184.0
13967,163.0
13968,128.0
13969,128.0
13970,74.0
13971,79.0
13972,65.0
13973,143.0
13974,140.0
13975,143.0
13976,177.0
13977,189.0
13978,215.0
13979,213.0
13980,217.0
13981,221.0
13982,210.0
13983,211.0
13984,189.0
13985,192.0
13986,184.0
13987,184.0
13988,318.0
13989,306.0
13990,96.0
13991,75.0
13992,133.0
13993,119.0
13994,131.0
13995,139.0
13996,155.0
13997,165.0
13998,207.0
13999,194.0
14000,215.0
14001,220.0
14002,217.0
14003,223.0
14004,220.0
14005,157.0
14006,174.0
14007,149.0
14008,72.0
14009,154.0
14010,154.0
14011,129.0
14012,245.0
14013,254.0
14014,141.0
14015,129.0
14016,143.0
14017,153.0
14018,153.0
14019,153.0
14020,174.0
14021,202.0
14022,191.0
14023,204.0
14024,205.0
14025,201.0
14026,209.0
14027,206.0
14028,203.0
14029,212.0
14030,209.0
14031,205.0
14032,203.0
14033,193.0
14034,182.0
14035,179.0
14036,260.0
14037,359.0
14038,147.0
14039,151.0
14040,147.0
14041,147.0
14042,143.0
14043,183.0
14044,193.0
14045,190.0
14046,197.0
14047,201.0
14048,218.0
14049,212.0
14050,210.0
14051,225.0
14052,207.0
14053,216.0
14054,232.0
14055,204.0
14056,205.0
14057,189.0
14058,208.0
14059,184.0
14060,289.0
14061,318.0
14062,159.0
14063,159.0
14064,159.0
14065,145.0
14066,89.0
14067,162.0
14068,148.0
14069,171.0
14070,166.0
14071,195.0
14072,208.0
14073,210.0
14074,219.0
14075,216.0
14076,220.0
14077,156.0
14078,211.0
14079,185.0
14080,194.0
14081,209.0
14082,190.0
14083,193.0
14084,303.0
14085,373.0
14086,186.0
14087,169.0
14088,140.0
14089,140.0
14090,140.0
14091,155.0
14092,178.0
14093,187.0
14094,187.0
14095,189.0
14096,229.0
14097,193.0
14098,195.0
14099,229.0
14100,226.0
14101,228.0
14102,232.0
14103,202.0
14104,202.0
14105,202.0
14106,205.0
14107,188.0
14108,245.0
14109,272.0
14110,151.0
14111,147.0
14112,144.0
14113,143.0
14114,143.0
14115,151.0
14116,193.0
14117,213.0
14118,219.0
14119,211.0
14120,217.0
14121,229.0
14122,219.0
14123,227.0
14124,229.0
14125,223.0
14126,217.0
14127,212.0
14128,209.0
14129,227.0
14130,224.0
14131,213.0
14132,206.0
14133,208.0
14134,114.0
14135,110.0
14136,107.0
14137,110.0
14138,111.0
14139,110.0
14140,113.0
14141,118.0
14142,123.0
14143,128.0
14144,137.0
14145,136.0
14146,139.0
14147,137.0
14148,130.0
14149,137.0
14150,131.0
14151,122.0
14152,122.0
14153,107.0
14154,68.0
14155,66.0
14156,201.0
14157,97.0
14158,63.0
14159,118.0
14160,140.0
14161,135.0
14162,128.0
14163,128.0
14164,156.0
14165,178.0
14166,213.0
14167,216.0
14168,231.0
14169,228.0
14170,234.0
14171,233.0
14172,235.0
14173,233.0
14174,235.0
14175,217.0
14176,218.0
14177,185.0
14178,185.0
14179,166.0
14180,303.0
14181,294.0
14182,133.0
14183,142.0
14184,145.0
14185,130.0
14186,133.0
14187,137.0
14188,130.0
14189,145.0
14190,150.0
14191,97.0
14192,108.0
14193,84.0
14194,108.0
14195,144.0
14196,156.0
14197,131.0
14198,131.0
14199,134.0
14200,130.0
14201,81.0
14202,132.0
14203,130.0
14204,206.0
14205,261.0
14206,141.0
14207,128.0
14208,142.0
14209,139.0
14210,138.0
14211,141.0
14212,135.0
14213,140.0
14214,137.0
14215,180.0
14216,172.0
14217,201.0
14218,223.0
14219,238.0
14220,238.0
14221,206.0
14222,136.0
14223,136.0
14224,129.0
14225,135.0
14226,139.0
14227,139.0
14228,203.0
14229,243.0
14230,111.0
14231,119.0
14232,119.0
14233,131.0
14234,130.0
14235,139.0
14236,148.0
14237,151.0
14238,182.0
14239,208.0
14240,213.0
14241,209.0
14242,211.0
14243,213.0
14244,213.0
14245,231.0
14246,237.0
14247,96.0
14248,150.0
14249,150.0
14250,142.0
14251,135.0
14252,199.0
14253,260.0
14254,141.0
14255,141.0
14256,134.0
14257,143.0
14258,141.0
14259,141.0
14260,152.0
14261,186.0
14262,196.0
14263,202.0
14264,204.0
14265,211.0
14266,211.0
14267,219.0
14268,174.0
14269,174.0
14270,158.0
14271,160.0
14272,153.0
14273,150.0
14274,150.0
14275,138.0
14276,213.0
14277,233.0
14278,135.0
14279,136.0
14280,135.0
14281,135.0
14282,125.0
14283,146.0
14284,158.0
14285,172.0
14286,197.0
14287,208.0
14288,213.0
14289,217.0
14290,222.0
14291,213.0
14292,219.0
14293,229.0
14294,228.0
14295,211.0
14296,197.0
14297,202.0
14298,179.0
14299,157.0
14300,244.0
14301,268.0
14302,168.0
14303,150.0
14304,140.0
14305,142.0
14306,143.0
14307,146.0
14308,160.0
14309,188.0
14310,193.0
14311,193.0
14312,190.0
14313,194.0
14314,209.0
14315,197.0
14316,197.0
14317,203.0
14318,187.0
14319,193.0
14320,180.0
14321,187.0
14322,182.0
14323,162.0
14324,320.0
14325,299.0
14326,158.0
14327,172.0
14328,161.0
14329,145.0
14330,148.0
14331,141.0
14332,159.0
14333,168.0
14334,181.0
14335,191.0
14336,169.0
14337,202.0
14338,157.0
14339,144.0
14340,156.0
14341,155.0
14342,157.0
14343,140.0
14344,67.0
14345,122.0
14346,122.0
14347,134.0
14348,146.0
14349,180.0
14350,119.0
14351,118.0
14352,124.0
14353,114.0
14354,98.0
14355,114.0
14356,140.0
14357,146.0
14358,165.0
14359,166.0
14360,136.0
14361,110.0
14362,114.0
14363,63.0
14364,63.0
14365,109.0
14366,131.0
14367,130.0
14368,114.0
14369,127.0
14370,109.0
14371,122.0
14372,209.0
14373,220.0
14374,131.0
14375,129.0
14376,136.0
14377,133.0
14378,133.0
14379,157.0
14380,159.0
14381,158.0
14382,178.0
14383,186.0
14384,190.0
14385,207.0
14386,203.0
14387,214.0
14388,214.0
14389,217.0
14390,221.0
14391,187.0
14392,182.0
14393,186.0
14394,166.0
14395,169.0
14396,203.0
14397,239.0
14398,158.0
14399,148.0
14400,162.0
14401,162.0
14402,147.0
14403,160.0
14404,158.0
14405,170.0
14406,208.0
14407,217.0
14408,222.0
14409,219.0
14410,223.0
14411,225.0
14412,224.0
14413,222.0
14414,225.0
14415,218.0
14416,212.0
14417,211.0
14418,208.0
14419,193.0
14420,245.0
14421,306.0
14422,151.0
14423,140.0
14424,149.0
14425,151.0
14426,151.0
14427,161.0
14428,185.0
14429,223.0
14430,223.0
14431,213.0
14432,212.0
14433,209.0
14434,209.0
14435,227.0
14436,223.0
14437,226.0
14438,220.0
14439,226.0
14440,193.0
14441,195.0
14442,190.0
14443,187.0
14444,233.0
14445,288.0
14446,141.0
14447,141.0
14448,141.0
14449,141.0
14450,138.0
14451,150.0
14452,181.0
14453,199.0
14454,209.0
14455,209.0
14456,219.0
14457,211.0
14458,219.0
14459,212.0
14460,213.0
14461,226.0
14462,219.0
14463,219.0
14464,207.0
14465,192.0
14466,177.0
14467,176.0
14468,216.0
14469,277.0
14470,148.0
14471,140.0
14472,138.0
14473,136.0
14474,141.0
14475,144.0
14476,171.0
14477,181.0
14478,197.0
14479,230.0
14480,228.0
14481,226.0
14482,224.0
14483,222.0
14484,220.0
14485,217.0
14486,226.0
14487,209.0
14488,209.0
14489,211.0
14490,211.0
14491,198.0
14492,393.0
14493,340.0
14494,188.0
14495,182.0
14496,183.0
14497,167.0
14498,167.0
14499,196.0
14500,193.0
14501,189.0
14502,197.0
14503,199.0
14504,197.0
14505,183.0
14506,200.0
14507,204.0
14508,189.0
14509,184.0
14510,184.0
14511,153.0
14512,160.0
14513,75.0
14514,151.0
14515,138.0
14516,201.0
14517,191.0
14518,124.0
14519,122.0
14520,124.0
14521,124.0
14522,137.0
14523,119.0
14524,130.0
14525,156.0
14526,154.0
14527,156.0
14528,131.0
14529,130.0
14530,127.0
14531,140.0
14532,164.0
14533,173.0
14534,164.0
14535,137.0
14536,152.0
14537,163.0
14538,119.0
14539,80.0
14540,163.0
14541,218.0
14542,130.0
14543,132.0
14544,134.0
14545,137.0
14546,133.0
14547,142.0
14548,150.0
14549,151.0
14550,175.0
14551,179.0
14552,191.0
14553,185.0
14554,178.0
14555,185.0
14556,185.0
14557,183.0
14558,192.0
14559,185.0
14560,168.0
14561,168.0
14562,151.0
14563,140.0
14564,177.0
14565,286.0
14566,168.0
14567,148.0
14568,146.0
14569,146.0
14570,152.0
14571,152.0
14572,170.0
14573,162.0
14574,176.0
14575,178.0
14576,182.0
14577,209.0
14578,212.0
14579,194.0
14580,184.0
14581,183.0
14582,179.0
14583,186.0
14584,188.0
14585,191.0
14586,185.0
14587,182.0
14588,285.0
14589,286.0
14590,165.0
14591,170.0
14592,170.0
14593,159.0
14594,170.0
14595,165.0
14596,188.0
14597,188.0
14598,180.0
14599,186.0
14600,174.0
14601,186.0
14602,197.0
14603,178.0
14604,185.0
14605,188.0
14606,177.0
14607,191.0
14608,174.0
14609,172.0
14610,172.0
14611,162.0
14612,206.0
14613,263.0
14614,172.0
14615,161.0
14616,163.0
14617,152.0
14618,163.0
14619,165.0
14620,144.0
14621,85.0
14622,85.0
14623,140.0
14624,162.0
14625,172.0
14626,179.0
14627,188.0
14628,190.0
14629,188.0
14630,187.0
14631,170.0
14632,151.0
14633,136.0
14634,136.0
14635,136.0
14636,184.0
14637,206.0
14638,136.0
14639,136.0
14640,128.0
14641,128.0
14642,124.0
14643,130.0
14644,160.0
14645,169.0
14646,182.0
14647,203.0
14648,200.0
14649,193.0
14650,193.0
14651,213.0
14652,216.0
14653,202.0
14654,210.0
14655,209.0
14656,195.0
14657,184.0
14658,190.0
14659,133.0
14660,164.0
14661,186.0
14662,117.0
14663,135.0
14664,129.0
14665,123.0
14666,128.0
14667,120.0
14668,160.0
14669,174.0
14670,180.0
14671,204.0
14672,204.0
14673,206.0
14674,206.0
14675,55.0
14676,56.0
14677,63.0
14678,68.0
14679,62.0
14680,119.0
14681,137.0
14682,124.0
14683,136.0
14684,239.0
14685,297.0
14686,120.0
14687,129.0
14688,124.0
14689,131.0
14690,131.0
14691,128.0
14692,132.0
14693,144.0
14694,152.0
14695,178.0
14696,184.0
14697,197.0
14698,213.0
14699,211.0
14700,191.0
14701,202.0
14702,182.0
14703,182.0
14704,162.0
14705,159.0
14706,146.0
14707,138.0
14708,246.0
14709,332.0
14710,148.0
14711,142.0
14712,142.0
14713,129.0
14714,134.0
14715,140.0
14716,151.0
14717,178.0
14718,181.0
14719,176.0
14720,183.0
14721,196.0
14722,206.0
14723,201.0
14724,203.0
14725,203.0
14726,183.0
14727,181.0
14728,176.0
14729,157.0
14730,155.0
14731,152.0
14732,239.0
14733,254.0
14734,123.0
14735,132.0
14736,122.0
14737,115.0
14738,120.0
14739,133.0
14740,142.0
14741,179.0
14742,191.0
14743,198.0
14744,197.0
14745,208.0
14746,208.0
14747,225.0
14748,229.0
14749,224.0
14750,201.0
14751,182.0
14752,159.0
14753,149.0
14754,150.0
14755,144.0
14756,225.0
14757,268.0
14758,137.0
14759,136.0
14760,131.0
14761,131.0
14762,131.0
14763,138.0
14764,150.0
14765,164.0
14766,160.0
14767,196.0
14768,214.0
14769,224.0
14770,226.0
14771,226.0
14772,229.0
14773,216.0
14774,200.0
14775,188.0
14776,180.0
14777,159.0
14778,150.0
14779,143.0
14780,238.0
14781,285.0
14782,141.0
14783,129.0
14784,129.0
14785,129.0
14786,128.0
14787,141.0
14788,142.0
14789,163.0
14790,177.0
14791,192.0
14792,206.0
14793,212.0
14794,225.0
14795,216.0
14796,213.0
14797,227.0
14798,195.0
14799,166.0
14800,150.0
14801,159.0
14802,154.0
14803,142.0
14804,238.0
14805,289.0
14806,142.0
14807,141.0
14808,141.0
14809,131.0
14810,119.0
14811,118.0
14812,137.0
14813,141.0
14814,174.0
14815,179.0
14816,198.0
14817,198.0
14818,204.0
14819,202.0
14820,196.0
14821,232.0
14822,228.0
14823,205.0
14824,182.0
14825,151.0
14826,138.0
14827,140.0
14828,186.0
14829,243.0
14830,135.0
14831,143.0
14832,144.0
14833,148.0
14834,157.0
14835,160.0
14836,155.0
14837,184.0
14838,183.0
14839,197.0
14840,207.0
14841,214.0
14842,216.0
14843,200.0
14844,193.0
14845,194.0
14846,188.0
14847,190.0
14848,193.0
14849,161.0
14850,163.0
14851,160.0
14852,271.0
14853,288.0
14854,135.0
14855,128.0
14856,125.0
14857,125.0
14858,125.0
14859,123.0
14860,145.0
14861,144.0
14862,159.0
14863,175.0
14864,181.0
14865,177.0
14866,185.0
14867,177.0
14868,174.0
14869,186.0
14870,158.0
14871,158.0
14872,156.0
14873,156.0
14874,137.0
14875,137.0
14876,247.0
14877,277.0
14878,137.0
14879,136.0
14880,136.0
14881,125.0
14882,122.0
14883,138.0
14884,139.0
14885,144.0
14886,148.0
14887,143.0
14888,141.0
14889,162.0
14890,148.0
14891,148.0
14892,142.0
14893,148.0
14894,136.0
14895,135.0
14896,137.0
14897,82.0
14898,82.0
14899,63.0
14900,75.0
14901,92.0
14902,59.0
14903,113.0
14904,110.0
14905,123.0
14906,123.0
14907,122.0
14908,135.0
14909,135.0
14910,124.0
14911,150.0
14912,112.0
14913,167.0
14914,62.0
14915,59.0
14916,58.0
14917,58.0
14918,125.0
14919,115.0
14920,122.0
14921,122.0
14922,67.0
14923,121.0
14924,238.0
14925,302.0
14926,142.0
14927,149.0
14928,138.0
14929,140.0
14930,151.0
14931,152.0
14932,153.0
14933,152.0
14934,154.0
14935,183.0
14936,183.0
14937,183.0
14938,189.0
14939,193.0
14940,193.0
14941,188.0
14942,162.0
14943,160.0
14944,159.0
14945,144.0
14946,139.0
14947,128.0
14948,219.0
14949,238.0
14950,115.0
14951,112.0
14952,112.0
14953,112.0
14954,112.0
14955,125.0
14956,136.0
14957,146.0
14958,153.0
14959,188.0
14960,189.0
14961,194.0
14962,190.0
14963,197.0
14964,192.0
14965,190.0
14966,180.0
14967,152.0
14968,153.0
14969,153.0
14970,140.0
14971,144.0
14972,248.0
14973,254.0
14974,138.0
14975,136.0
14976,136.0
14977,128.0
14978,136.0
14979,139.0
14980,146.0
14981,147.0
14982,165.0
14983,191.0
14984,205.0
14985,221.0
14986,224.0
14987,229.0
14988,226.0
14989,193.0
14990,183.0
14991,162.0
14992,154.0
14993,151.0
14994,151.0
14995,149.0
14996,239.0
14997,174.0
14998,105.0
14999,120.0
15000,120.0
15001,117.0
15002,116.0
15003,126.0
15004,140.0
15005,156.0
15006,176.0
15007,206.0
15008,218.0
15009,222.0
15010,228.0
15011,223.0
15012,220.0
15013,220.0
15014,221.0
15015,206.0
15016,218.0
15017,173.0
15018,169.0
15019,175.0
15020,348.0
15021,315.0
15022,126.0
15023,109.0
15024,110.0
15025,104.0
15026,101.0
15027,106.0
15028,111.0
15029,118.0
15030,135.0
15031,134.0
15032,152.0
15033,185.0
15034,176.0
15035,177.0
15036,175.0
15037,137.0
15038,141.0
15039,141.0
15040,141.0
15041,132.0
15042,140.0
15043,127.0
15044,230.0
15045,277.0
15046,127.0
15047,127.0
15048,125.0
15049,128.0
15050,128.0
15051,125.0
15052,149.0
15053,151.0
15054,152.0
15055,164.0
15056,163.0
15057,200.0
15058,198.0
15059,203.0
15060,174.0
15061,176.0
15062,167.0
15063,161.0
15064,155.0
15065,154.0
15066,147.0
15067,130.0
15068,220.0
15069,250.0
15070,112.0
15071,112.0
15072,114.0
15073,112.0
15074,118.0
15075,115.0
15076,120.0
15077,157.0
15078,154.0
15079,198.0
15080,201.0
15081,210.0
15082,210.0
15083,210.0
15084,212.0
15085,216.0
15086,210.0
15087,201.0
15088,192.0
15089,192.0
15090,194.0
15091,192.0
15092,255.0
15093,327.0
15094,130.0
15095,130.0
15096,142.0
15097,145.0
15098,145.0
15099,145.0
15100,137.0
15101,174.0
15102,157.0
15103,189.0
15104,201.0
15105,217.0
15106,224.0
15107,221.0
15108,223.0
15109,221.0
15110,229.0
15111,229.0
15112,183.0
15113,192.0
15114,118.0
15115,131.0
15116,246.0
15117,299.0
15118,150.0
15119,148.0
15120,120.0
15121,138.0
15122,121.0
15123,148.0
15124,170.0
15125,195.0
15126,195.0
15127,199.0
15128,200.0
15129,199.0
15130,196.0
15131,197.0
15132,182.0
15133,166.0
15134,169.0
15135,199.0
15136,155.0
15137,87.0
15138,87.0
15139,93.0
15140,93.0
15141,103.0
15142,65.0
15143,129.0
15144,70.0
15145,128.0
15146,120.0
15147,120.0
15148,143.0
15149,137.0
15150,148.0
15151,175.0
15152,193.0
15153,195.0
15154,193.0
15155,187.0
15156,188.0
15157,180.0
15158,184.0
15159,151.0
15160,147.0
15161,147.0
15162,148.0
15163,143.0
15164,329.0
15165,321.0
15166,149.0
15167,146.0
15168,150.0
15169,141.0
15170,137.0
15171,115.0
15172,131.0
15173,141.0
15174,157.0
15175,153.0
15176,202.0
15177,202.0
15178,208.0
15179,206.0
15180,206.0
15181,209.0
15182,167.0
15183,158.0
15184,156.0
15185,159.0
15186,144.0
15187,144.0
15188,245.0
15189,269.0
15190,113.0
15191,109.0
15192,109.0
15193,106.0
15194,106.0
15195,106.0
15196,109.0
15197,132.0
15198,158.0
15199,173.0
15200,173.0
15201,174.0
15202,174.0
15203,185.0
15204,184.0
15205,179.0
15206,127.0
15207,73.0
15208,73.0
15209,123.0
15210,101.0
15211,101.0
15212,238.0
15213,275.0
15214,119.0
15215,126.0
15216,113.0
15217,126.0
15218,124.0
15219,120.0
15220,113.0
15221,135.0
15222,158.0
15223,171.0
15224,176.0
15225,176.0
15226,177.0
15227,177.0
15228,172.0
15229,97.0
15230,90.0
15231,132.0
15232,85.0
15233,127.0
15234,80.0
15235,78.0
15236,211.0
15237,257.0
15238,127.0
15239,112.0
15240,118.0
15241,113.0
15242,73.0
15243,73.0
15244,67.0
15245,74.0
15246,74.0
15247,75.0
15248,116.0
15249,121.0
15250,74.0
15251,94.0
15252,78.0
15253,74.0
15254,72.0
15255,72.0
15256,77.0
15257,72.0
15258,124.0
15259,128.0
15260,88.0
15261,187.0
15262,128.0
15263,125.0
15264,120.0
15265,124.0
15266,124.0
15267,122.0
15268,126.0
15269,129.0
15270,172.0
15271,172.0
15272,182.0
15273,176.0
15274,184.0
15275,189.0
15276,188.0
15277,207.0
15278,207.0
15279,207.0
15280,207.0
15281,173.0
15282,187.0
15283,162.0
15284,106.0
15285,187.0
15286,143.0
15287,129.0
15288,142.0
15289,88.0
15290,72.0
15291,144.0
15292,143.0
15293,132.0
15294,157.0
15295,182.0
15296,196.0
15297,182.0
15298,209.0
15299,226.0
15300,223.0
15301,231.0
15302,206.0
15303,206.0
15304,178.0
15305,168.0
15306,218.0
15307,200.0
15308,251.0
15309,316.0
15310,144.0
15311,145.0
15312,143.0
15313,132.0
15314,126.0
15315,122.0
15316,158.0
15317,191.0
15318,211.0
15319,230.0
15320,232.0
15321,236.0
15322,233.0
15323,233.0
15324,239.0
15325,232.0
15326,207.0
15327,158.0
15328,152.0
15329,156.0
15330,157.0
15331,137.0
15332,219.0
15333,208.0
15334,146.0
15335,146.0
15336,124.0
15337,134.0
15338,115.0
15339,121.0
15340,134.0
15341,165.0
15342,166.0
15343,179.0
15344,228.0
15345,169.0
15346,168.0
15347,196.0
15348,202.0
15349,151.0
15350,147.0
15351,132.0
15352,126.0
15353,129.0
15354,123.0
15355,123.0
15356,242.0
15357,248.0
15358,101.0
15359,111.0
15360,115.0
15361,116.0
15362,115.0
15363,76.0
15364,66.0
15365,69.0
15366,102.0
15367,100.0
15368,98.0
15369,106.0
15370,105.0
15371,63.0
15372,60.0
15373,61.0
15374,63.0
15375,96.0
15376,94.0
15377,69.0
15378,70.0
15379,67.0
15380,138.0
15381,101.0
15382,71.0
15383,63.0
15384,66.0
15385,66.0
15386,61.0
15387,71.0
15388,78.0
15389,81.0
15390,80.0
15391,95.0
15392,104.0
15393,106.0
15394,103.0
15395,76.0
15396,76.0
15397,100.0
15398,99.0
15399,95.0
15400,72.0
15401,95.0
15402,69.0
15403,97.0
15404,158.0
15405,93.0
15406,51.0
15407,51.0
15408,52.0
15409,91.0
15410,90.0
15411,93.0
15412,102.0
15413,103.0
15414,109.0
15415,123.0
15416,123.0
15417,132.0
15418,137.0
15419,139.0
15420,126.0
15421,129.0
15422,125.0
15423,126.0
15424,126.0
15425,116.0
15426,116.0
15427,116.0
15428,162.0
15429,177.0
15430,103.0
15431,103.0
15432,104.0
15433,105.0
15434,105.0
15435,117.0
15436,129.0
15437,154.0
15438,154.0
15439,156.0
15440,158.0
15441,165.0
15442,205.0
15443,205.0
15444,203.0
15445,172.0
15446,147.0
15447,137.0
15448,154.0
15449,143.0
15450,125.0
15451,126.0
15452,246.0
15453,287.0
15454,124.0
15455,120.0
15456,118.0
15457,104.0
15458,104.0
15459,103.0
15460,119.0
15461,125.0
15462,128.0
15463,139.0
15464,139.0
15465,164.0
15466,161.0
15467,163.0
15468,162.0
15469,153.0
15470,138.0
15471,133.0
15472,118.0
15473,120.0
15474,112.0
15475,119.0
15476,209.0
15477,225.0
15478,113.0
15479,90.0
15480,89.0
15481,90.0
15482,82.0
15483,90.0
15484,112.0
15485,152.0
15486,159.0
15487,166.0
15488,165.0
15489,168.0
15490,167.0
15491,156.0
15492,131.0
15493,137.0
15494,131.0
15495,124.0
15496,129.0
15497,114.0
15498,120.0
15499,101.0
15500,231.0
15501,173.0
15502,96.0
15503,91.0
15504,89.0
15505,92.0
15506,92.0
15507,94.0
15508,98.0
15509,109.0
15510,126.0
15511,135.0
15512,144.0
15513,134.0
15514,141.0
15515,153.0
15516,155.0
15517,138.0
15518,139.0
15519,136.0
15520,113.0
15521,109.0
15522,109.0
15523,118.0
15524,200.0
15525,206.0
15526,98.0
15527,94.0
15528,93.0
15529,95.0
15530,92.0
15531,95.0
15532,99.0
15533,103.0
15534,139.0
15535,125.0
15536,167.0
15537,172.0
15538,178.0
15539,178.0
15540,177.0
15541,180.0
15542,139.0
15543,133.0
15544,126.0
15545,115.0
15546,116.0
15547,115.0
15548,202.0
15549,276.0
15550,127.0
15551,121.0
15552,128.0
15553,119.0
15554,115.0
15555,114.0
15556,149.0
15557,94.0
15558,131.0
15559,131.0
15560,88.0
15561,110.0
15562,125.0
15563,133.0
15564,137.0
15565,141.0
15566,82.0
15567,71.0
15568,117.0
15569,144.0
15570,141.0
15571,124.0
15572,236.0
15573,249.0
15574,125.0
15575,114.0
15576,114.0
15577,117.0
15578,114.0
15579,114.0
15580,125.0
15581,129.0
15582,147.0
15583,149.0
15584,137.0
15585,157.0
15586,162.0
15587,160.0
15588,163.0
15589,158.0
15590,160.0
15591,138.0
15592,132.0
15593,127.0
15594,111.0
15595,115.0
15596,194.0
15597,199.0
15598,99.0
15599,84.0
15600,90.0
15601,76.0
15602,97.0
15603,89.0
15604,92.0
15605,96.0
15606,116.0
15607,143.0
15608,147.0
15609,146.0
15610,148.0
15611,147.0
15612,160.0
15613,162.0
15614,150.0
15615,131.0
15616,132.0
15617,109.0
15618,107.0
15619,108.0
15620,181.0
15621,218.0
15622,109.0
15623,105.0
15624,105.0
15625,116.0
15626,105.0
15627,104.0
15628,109.0
15629,119.0
15630,129.0
15631,143.0
15632,174.0
15633,195.0
15634,171.0
15635,160.0
15636,194.0
15637,127.0
15638,127.0
15639,121.0
15640,126.0
15641,120.0
15642,113.0
15643,117.0
15644,172.0
15645,99.0
15646,113.0
15647,119.0
15648,119.0
15649,113.0
15650,71.0
15651,69.0
15652,115.0
15653,115.0
15654,109.0
15655,134.0
15656,163.0
15657,157.0
15658,194.0
15659,166.0
15660,110.0
15661,110.0
15662,128.0
15663,121.0
15664,134.0
15665,133.0
15666,132.0
15667,113.0
15668,195.0
15669,216.0
15670,109.0
15671,105.0
15672,112.0
15673,105.0
15674,108.0
15675,105.0
15676,120.0
15677,148.0
15678,156.0
15679,157.0
15680,175.0
15681,176.0
15682,185.0
15683,183.0
15684,159.0
15685,166.0
15686,158.0
15687,160.0
15688,151.0
15689,128.0
15690,132.0
15691,118.0
15692,237.0
15693,241.0
15694,98.0
15695,88.0
15696,77.0
15697,88.0
15698,98.0
15699,98.0
15700,99.0
15701,114.0
15702,117.0
15703,129.0
15704,135.0
15705,136.0
15706,145.0
15707,138.0
15708,138.0
15709,126.0
15710,133.0
15711,135.0
15712,117.0
15713,102.0
15714,105.0
15715,113.0
15716,241.0
15717,235.0
15718,103.0
15719,118.0
15720,105.0
15721,94.0
15722,90.0
15723,102.0
15724,124.0
15725,128.0
15726,152.0
15727,169.0
15728,174.0
15729,206.0
15730,200.0
15731,214.0
15732,205.0
15733,204.0
15734,152.0
15735,155.0
15736,147.0
15737,126.0
15738,112.0
15739,119.0
15740,179.0
15741,243.0
15742,109.0
15743,121.0
15744,110.0
15745,119.0
15746,109.0
15747,110.0
15748,114.0
15749,126.0
15750,157.0
15751,198.0
15752,183.0
15753,191.0
15754,223.0
15755,220.0
15756,228.0
15757,227.0
15758,206.0
15759,202.0
15760,161.0
15761,148.0
15762,147.0
15763,143.0
15764,263.0
15765,301.0
15766,146.0
15767,132.0
15768,132.0
15769,128.0
15770,114.0
15771,121.0
15772,110.0
15773,120.0
15774,130.0
15775,158.0
15776,188.0
15777,211.0
15778,233.0
15779,236.0
15780,236.0
15781,219.0
15782,220.0
15783,184.0
15784,163.0
15785,160.0
15786,162.0
15787,134.0
15788,260.0
15789,305.0
15790,143.0
15791,107.0
15792,109.0
15793,107.0
15794,109.0
15795,109.0
15796,109.0
15797,109.0
15798,112.0
15799,114.0
15800,123.0
15801,125.0
15802,163.0
15803,182.0
15804,161.0
15805,161.0
15806,128.0
15807,131.0
15808,107.0
15809,107.0
15810,117.0
15811,112.0
15812,201.0
15813,181.0
15814,109.0
15815,107.0
15816,107.0
15817,109.0
15818,110.0
15819,109.0
15820,110.0
15821,110.0
15822,111.0
15823,122.0
15824,123.0
15825,134.0
15826,162.0
15827,160.0
15828,126.0
15829,119.0
15830,122.0
15831,114.0
15832,114.0
15833,126.0
15834,108.0
15835,121.0
15836,166.0
15837,169.0
15838,115.0
15839,111.0
15840,114.0
15841,113.0
15842,113.0
15843,102.0
15844,119.0
15845,119.0
15846,140.0
15847,150.0
15848,192.0
15849,206.0
15850,200.0
15851,146.0
15852,140.0
15853,140.0
15854,140.0
15855,131.0
15856,131.0
15857,131.0
15858,124.0
15859,127.0
15860,109.0
15861,229.0
15862,107.0
15863,118.0
15864,120.0
15865,117.0
15866,121.0
15867,122.0
15868,121.0
15869,123.0
15870,117.0
15871,123.0
15872,116.0
15873,115.0
15874,122.0
15875,119.0
15876,74.0
15877,66.0
15878,48.0
15879,52.0
15880,48.0
15881,56.0
15882,60.0
15883,52.0
15884,76.0
15885,48.0
15886,48.0
15887,44.0
15888,44.0
15889,43.0
15890,49.0
15891,132.0
15892,80.0
15893,77.0
15894,87.0
15895,87.0
15896,143.0
15897,154.0
15898,81.0
15899,82.0
15900,74.0
15901,81.0
15902,85.0
15903,77.0
15904,84.0
15905,79.0
15906,94.0
15907,97.0
15908,112.0
15909,119.0
15910,119.0
15911,119.0
15912,119.0
15913,109.0
15914,109.0
15915,118.0
15916,118.0
15917,118.0
15918,102.0
15919,99.0
15920,227.0
15921,177.0
15922,92.0
15923,100.0
15924,89.0
15925,89.0
15926,97.0
15927,102.0
15928,100.0
15929,72.0
15930,75.0
15931,75.0
15932,75.0
15933,109.0
15934,118.0
15935,115.0
15936,115.0
15937,88.0
15938,118.0
15939,118.0
15940,112.0
15941,107.0
15942,100.0
15943,98.0
15944,187.0
15945,168.0
15946,87.0
15947,87.0
15948,90.0
15949,91.0
15950,87.0
15951,85.0
15952,101.0
15953,96.0
15954,115.0
15955,127.0
15956,125.0
15957,125.0
15958,116.0
15959,116.0
15960,115.0
15961,115.0
15962,111.0
15963,111.0
15964,105.0
15965,105.0
15966,109.0
15967,94.0
15968,176.0
15969,175.0
15970,99.0
15971,99.0
15972,98.0
15973,99.0
15974,94.0
15975,99.0
15976,103.0
15977,100.0
15978,115.0
15979,104.0
15980,98.0
15981,105.0
15982,103.0
15983,98.0
15984,105.0
15985,102.0
15986,104.0
15987,108.0
15988,99.0
15989,98.0
15990,97.0
15991,97.0
15992,159.0
15993,108.0
15994,84.0
15995,82.0
15996,70.0
15997,72.0
15998,80.0
15999,72.0
16000,87.0
16001,90.0
16002,86.0
16003,97.0
16004,97.0
16005,110.0
16006,110.0
16007,111.0
16008,112.0
16009,96.0
16010,96.0
16011,94.0
16012,84.0
16013,84.0
16014,87.0
16015,88.0
16016,153.0
16017,175.0
16018,95.0
16019,96.0
16020,99.0
16021,94.0
16022,101.0
16023,99.0
16024,98.0
16025,100.0
16026,97.0
16027,101.0
16028,108.0
16029,106.0
16030,118.0
16031,115.0
16032,108.0
16033,101.0
16034,101.0
16035,95.0
16036,99.0
16037,99.0
16038,90.0
16039,86.0
16040,144.0
16041,150.0
16042,73.0
16043,79.0
16044,71.0
16045,74.0
16046,78.0
16047,80.0
16048,78.0
16049,82.0
16050,98.0
16051,104.0
16052,104.0
16053,106.0
16054,114.0
16055,102.0
16056,102.0
16057,99.0
16058,99.0
16059,100.0
16060,95.0
16061,98.0
16062,96.0
16063,100.0
16064,165.0
16065,156.0
16066,80.0
16067,84.0
16068,84.0
16069,84.0
16070,77.0
16071,75.0
16072,74.0
16073,74.0
16074,80.0
16075,97.0
16076,100.0
16077,100.0
16078,96.0
16079,99.0
16080,96.0
16081,98.0
16082,96.0
16083,91.0
16084,101.0
16085,99.0
16086,78.0
16087,61.0
16088,110.0
16089,137.0
16090,98.0
16091,106.0
16092,103.0
16093,104.0
16094,97.0
16095,106.0
16096,104.0
16097,110.0
16098,112.0
16099,127.0
16100,141.0
16101,141.0
16102,141.0
16103,136.0
16104,125.0
16105,127.0
16106,120.0
16107,119.0
16108,111.0
16109,110.0
16110,103.0
16111,175.0
16112,190.0
16113,99.0
16114,94.0
16115,93.0
16116,98.0
16117,80.0
16118,81.0
16119,97.0
16120,93.0
16121,103.0
16122,120.0
16123,125.0
16124,132.0
16125,135.0
16126,133.0
16127,137.0
16128,131.0
16129,129.0
16130,86.0
16131,95.0
16132,94.0
16133,83.0
16134,87.0
16135,132.0
16136,124.0
16137,83.0
16138,85.0
16139,66.0
16140,72.0
16141,59.0
16142,66.0
16143,86.0
16144,93.0
16145,111.0
16146,110.0
16147,139.0
16148,168.0
16149,184.0
16150,167.0
16151,184.0
16152,153.0
16153,129.0
16154,134.0
16155,129.0
16156,108.0
16157,91.0
16158,85.0
16159,136.0
16160,126.0
16161,64.0
16162,79.0
16163,71.0
16164,63.0
16165,64.0
16166,65.0
16167,64.0
16168,84.0
16169,97.0
16170,116.0
16171,130.0
16172,152.0
16173,188.0
16174,140.0
16175,138.0
16176,148.0
16177,143.0
16178,124.0
16179,105.0
16180,103.0
16181,94.0
16182,94.0
16183,161.0
16184,148.0
16185,90.0
16186,90.0
16187,89.0
16188,70.0
16189,66.0
16190,86.0
16191,93.0
16192,94.0
16193,105.0
16194,130.0
16195,144.0
16196,175.0
16197,152.0
16198,141.0
16199,146.0
16200,139.0
16201,130.0
16202,129.0
16203,115.0
16204,79.0
16205,127.0
16206,124.0
16207,170.0
16208,82.0
16209,42.0
16210,48.0
16211,83.0
16212,73.0
16213,42.0
16214,46.0
16215,46.0
16216,51.0
16217,53.0
16218,90.0
16219,97.0
16220,96.0
16221,119.0
16222,122.0
16223,116.0
16224,97.0
16225,96.0
16226,97.0
16227,98.0
16228,98.0
16229,87.0
16230,81.0
16231,150.0
16232,156.0
16233,77.0
16234,78.0
16235,75.0
16236,75.0
16237,76.0
16238,80.0
16239,85.0
16240,95.0
16241,105.0
16242,99.0
16243,111.0
16244,109.0
16245,111.0
16246,109.0
16247,104.0
16248,95.0
16249,94.0
16250,98.0
16251,103.0
16252,108.0
16253,102.0
16254,78.0
16255,135.0
16256,132.0
16257,77.0
16258,82.0
16259,87.0
16260,91.0
16261,92.0
16262,90.0
16263,91.0
16264,95.0
16265,90.0
16266,94.0
16267,98.0
16268,106.0
16269,110.0
16270,104.0
16271,102.0
16272,103.0
16273,102.0
16274,94.0
16275,96.0
16276,91.0
16277,91.0
16278,92.0
16279,152.0
16280,169.0
16281,84.0
16282,89.0
16283,93.0
16284,96.0
16285,96.0
16286,89.0
16287,96.0
16288,96.0
16289,96.0
16290,116.0
16291,124.0
16292,126.0
16293,131.0
16294,131.0
16295,126.0
16296,108.0
16297,96.0
16298,109.0
16299,109.0
16300,96.0
16301,99.0
16302,99.0
16303,173.0
16304,130.0
16305,72.0
16306,72.0
16307,68.0
16308,71.0
16309,70.0
16310,68.0
16311,73.0
16312,99.0
16313,110.0
16314,116.0
16315,126.0
16316,129.0
16317,129.0
16318,130.0
16319,127.0
16320,120.0
16321,108.0
16322,99.0
16323,83.0
16324,91.0
16325,91.0
16326,83.0
16327,127.0
16328,122.0
16329,70.0
16330,78.0
16331,73.0
16332,70.0
16333,70.0
16334,71.0
16335,71.0
16336,75.0
16337,77.0
16338,91.0
16339,99.0
16340,98.0
16341,99.0
16342,103.0
16343,104.0
16344,89.0
16345,87.0
16346,84.0
16347,84.0
16348,87.0
16349,88.0
16350,87.0
16351,198.0
16352,202.0
16353,100.0
16354,100.0
16355,100.0
16356,100.0
16357,100.0
16358,96.0
16359,96.0
16360,100.0
16361,100.0
16362,102.0
16363,115.0
16364,124.0
16365,124.0
16366,126.0
16367,120.0
16368,117.0
16369,115.0
16370,115.0
16371,110.0
16372,116.0
16373,88.0
16374,88.0
16375,163.0
16376,191.0
16377,84.0
16378,83.0
16379,97.0
16380,89.0
16381,87.0
16382,86.0
16383,85.0
16384,82.0
16385,100.0
16386,106.0
16387,106.0
16388,119.0
16389,121.0
16390,131.0
16391,111.0
16392,105.0
16393,100.0
16394,99.0
16395,81.0
16396,96.0
16397,96.0
16398,83.0
16399,189.0
16400,167.0
16401,81.0
16402,81.0
16403,81.0
16404,81.0
16405,84.0
16406,83.0
16407,88.0
16408,86.0
16409,103.0
16410,117.0
16411,129.0
16412,130.0
16413,135.0
16414,138.0
16415,137.0
16416,125.0
16417,130.0
16418,116.0
16419,96.0
16420,112.0
16421,112.0
16422,103.0
16423,125.0
16424,112.0
16425,61.0
16426,64.0
16427,63.0
16428,64.0
16429,68.0
16430,61.0
16431,63.0
16432,80.0
16433,85.0
16434,113.0
16435,128.0
16436,134.0
16437,143.0
16438,143.0
16439,133.0
16440,128.0
16441,112.0
16442,74.0
16443,78.0
16444,80.0
16445,84.0
16446,77.0
16447,169.0
16448,157.0
16449,80.0
16450,83.0
16451,76.0
16452,88.0
16453,88.0
16454,88.0
16455,77.0
16456,84.0
16457,97.0
16458,117.0
16459,131.0
16460,134.0
16461,154.0
16462,136.0
16463,142.0
16464,140.0
16465,132.0
16466,136.0
16467,135.0
16468,130.0
16469,133.0
16470,128.0
16471,266.0
16472,214.0
16473,106.0
16474,102.0
16475,90.0
16476,94.0
16477,79.0
16478,89.0
16479,78.0
16480,83.0
16481,82.0
16482,94.0
16483,96.0
16484,113.0
16485,112.0
16486,105.0
16487,95.0
16488,95.0
16489,96.0
16490,90.0
16491,79.0
16492,82.0
16493,84.0
16494,82.0
16495,135.0
16496,139.0
16497,68.0
16498,71.0
16499,71.0
16500,69.0
16501,68.0
16502,67.0
16503,69.0
16504,76.0
16505,74.0
16506,83.0
16507,83.0
16508,80.0
16509,92.0
16510,91.0
16511,92.0
16512,83.0
16513,77.0
16514,82.0
16515,69.0
16516,81.0
16517,69.0
16518,61.0
16519,131.0
16520,131.0
16521,74.0
16522,74.0
16523,74.0
16524,79.0
16525,74.0
16526,79.0
16527,79.0
16528,101.0
16529,105.0
16530,123.0
16531,128.0
16532,128.0
16533,129.0
16534,128.0
16535,138.0
16536,130.0
16537,105.0
16538,108.0
16539,111.0
16540,111.0
16541,105.0
16542,93.0
16543,152.0
16544,146.0
16545,84.0
16546,60.0
16547,51.0
16548,79.0
16549,81.0
16550,54.0
16551,50.0
16552,81.0
16553,51.0
16554,44.0
16555,36.0
16556,44.0
16557,37.0
16558,79.0
16559,79.0
16560,77.0
16561,67.0
16562,78.0
16563,71.0
16564,71.0
16565,77.0
16566,71.0
16567,114.0
16568,121.0
16569,73.0
16570,75.0
16571,75.0
16572,79.0
16573,74.0
16574,76.0
16575,78.0
16576,94.0
16577,100.0
16578,99.0
16579,111.0
16580,108.0
16581,109.0
16582,112.0
16583,111.0
16584,109.0
16585,109.0
16586,101.0
16587,105.0
16588,102.0
16589,94.0
16590,87.0
16591,134.0
16592,131.0
16593,75.0
16594,79.0
16595,72.0
16596,73.0
16597,75.0
16598,78.0
16599,81.0
16600,93.0
16601,108.0
16602,110.0
16603,120.0
16604,108.0
16605,109.0
16606,107.0
16607,108.0
16608,95.0
16609,98.0
16610,98.0
16611,81.0
16612,78.0
16613,102.0
16614,129.0
16615,126.0
16616,79.0
16617,79.0
16618,76.0
16619,77.0
16620,79.0
16621,79.0
16622,74.0
16623,74.0
16624,98.0
16625,98.0
16626,111.0
16627,120.0
16628,122.0
16629,124.0
16630,129.0
16631,104.0
16632,98.0
16633,98.0
16634,98.0
16635,92.0
16636,98.0
16637,87.0
16638,114.0
16639,107.0
16640,82.0
16641,76.0
16642,77.0
16643,64.0
16644,65.0
16645,62.0
16646,62.0
16647,62.0
16648,70.0
16649,75.0
16650,79.0
16651,77.0
16652,73.0
16653,100.0
16654,79.0
16655,74.0
16656,77.0
16657,79.0
16658,83.0
16659,75.0
16660,75.0
16661,79.0
16662,115.0
16663,111.0
16664,77.0
16665,70.0
16666,70.0
16667,70.0
16668,60.0
16669,60.0
16670,68.0
16671,64.0
16672,77.0
16673,75.0
16674,77.0
16675,97.0
16676,101.0
16677,107.0
16678,109.0
16679,70.0
16680,108.0
16681,99.0
16682,99.0
16683,98.0
16684,102.0
16685,97.0
16686,202.0
16687,198.0
16688,112.0
16689,87.0
16690,85.0
16691,82.0
16692,85.0
16693,80.0
16694,85.0
16695,100.0
16696,124.0
16697,118.0
16698,136.0
16699,168.0
16700,196.0
16701,192.0
16702,197.0
16703,146.0
16704,135.0
16705,135.0
16706,110.0
16707,115.0
16708,113.0
16709,113.0
16710,176.0
16711,209.0
16712,106.0
16713,94.0
16714,94.0
16715,99.0
16716,72.0
16717,105.0
16718,100.0
16719,117.0
16720,109.0
16721,111.0
16722,140.0
16723,141.0
16724,145.0
16725,176.0
16726,169.0
16727,149.0
16728,143.0
16729,121.0
16730,139.0
16731,133.0
16732,129.0
16733,119.0
16734,244.0
16735,317.0
16736,122.0
16737,127.0
16738,140.0
16739,142.0
16740,96.0
16741,89.0
16742,116.0
16743,126.0
16744,122.0
16745,131.0
16746,128.0
16747,131.0
16748,145.0
16749,142.0
16750,135.0
16751,131.0
16752,129.0
16753,119.0
16754,104.0
16755,105.0
16756,106.0
16757,96.0
16758,157.0
16759,164.0
16760,80.0
16761,81.0
16762,79.0
16763,80.0
16764,79.0
16765,80.0
16766,80.0
16767,84.0
16768,82.0
16769,85.0
16770,103.0
16771,111.0
16772,103.0
16773,108.0
16774,109.0
16775,102.0
16776,94.0
16777,82.0
16778,75.0
16779,74.0
16780,79.0
16781,79.0
16782,130.0
16783,123.0
16784,79.0
16785,74.0
16786,78.0
16787,79.0
16788,79.0
16789,51.0
16790,82.0
16791,81.0
16792,82.0
16793,86.0
16794,91.0
16795,91.0
16796,89.0
16797,89.0
16798,88.0
16799,89.0
16800,89.0
16801,81.0
16802,63.0
16803,75.0
16804,73.0
16805,73.0
16806,98.0
16807,95.0
16808,68.0
16809,66.0
16810,63.0
16811,66.0
16812,66.0
16813,63.0
16814,69.0
16815,69.0
16816,94.0
16817,92.0
16818,97.0
16819,94.0
16820,92.0
16821,99.0
16822,99.0
16823,73.0
16824,88.0
16825,90.0
16826,61.0
16827,61.0
16828,69.0
16829,87.0
16830,166.0
16831,163.0
16832,97.0
16833,97.0
16834,93.0
16835,97.0
16836,54.0
16837,55.0
16838,56.0
16839,96.0
16840,94.0
16841,93.0
16842,94.0
16843,80.0
16844,81.0
16845,48.0
16846,48.0
16847,48.0
16848,47.0
16849,51.0
16850,48.0
16851,67.0
16852,47.0
16853,48.0
16854,71.0
16855,148.0
16856,84.0
16857,84.0
16858,84.0
16859,84.0
16860,87.0
16861,85.0
16862,97.0
16863,100.0
16864,103.0
16865,71.0
16866,68.0
16867,68.0
16868,114.0
16869,107.0
16870,113.0
16871,105.0
16872,101.0
16873,131.0
16874,109.0
16875,109.0
16876,114.0
16877,109.0
16878,96.0
16879,241.0
16880,104.0
16881,60.0
16882,85.0
16883,61.0
16884,87.0
16885,86.0
16886,95.0
16887,91.0
16888,102.0
16889,102.0
16890,96.0
16891,113.0
16892,113.0
16893,113.0
16894,113.0
16895,99.0
16896,99.0
16897,99.0
16898,99.0
16899,96.0
16900,100.0
16901,100.0
16902,168.0
16903,174.0
16904,90.0
16905,86.0
16906,89.0
16907,82.0
16908,74.0
16909,74.0
16910,78.0
16911,87.0
16912,93.0
16913,98.0
16914,107.0
16915,107.0
16916,106.0
16917,100.0
16918,97.0
16919,98.0
16920,98.0
16921,96.0
16922,100.0
16923,99.0
16924,97.0
16925,90.0
16926,155.0
16927,166.0
16928,78.0
16929,77.0
16930,76.0
16931,78.0
16932,84.0
16933,81.0
16934,79.0
16935,97.0
16936,107.0
16937,109.0
16938,108.0
16939,110.0
16940,111.0
16941,113.0
16942,104.0
16943,104.0
16944,104.0
16945,100.0
16946,110.0
16947,102.0
16948,87.0
16949,89.0
16950,129.0
16951,123.0
16952,73.0
16953,78.0
16954,79.0
16955,78.0
16956,84.0
16957,81.0
16958,76.0
16959,79.0
16960,77.0
16961,90.0
16962,104.0
16963,105.0
16964,124.0
16965,125.0
16966,107.0
16967,98.0
16968,111.0
16969,98.0
16970,100.0
16971,84.0
16972,84.0
16973,88.0
16974,146.0
16975,113.0
16976,77.0
16977,77.0
16978,68.0
16979,78.0
16980,73.0
16981,69.0
16982,76.0
16983,76.0
16984,94.0
16985,96.0
16986,110.0
16987,109.0
16988,116.0
16989,128.0
16990,118.0
16991,118.0
16992,101.0
16993,100.0
16994,100.0
16995,100.0
16996,97.0
16997,92.0
16998,172.0
16999,91.0
17000,69.0
17001,70.0
17002,72.0
17003,72.0
17004,72.0
17005,69.0
17006,75.0
17007,75.0
17008,75.0
17009,75.0
17010,82.0
17011,80.0
17012,76.0
17013,77.0
17014,77.0
17015,77.0
17016,55.0
17017,67.0
17018,75.0
17019,66.0
17020,99.0
17021,69.0
17022,147.0
17023,163.0
17024,85.0
17025,75.0
17026,51.0
17027,78.0
17028,79.0
17029,79.0
17030,81.0
17031,95.0
17032,78.0
17033,96.0
17034,95.0
17035,99.0
17036,96.0
17037,105.0
17038,57.0
17039,97.0
17040,103.0
17041,104.0
17042,97.0
17043,106.0
17044,106.0
17045,57.0
17046,157.0
17047,170.0
17048,99.0
17049,103.0
17050,110.0
17051,84.0
17052,81.0
17053,80.0
17054,87.0
17055,100.0
17056,119.0
17057,126.0
17058,101.0
17059,151.0
17060,130.0
17061,133.0
17062,129.0
17063,120.0
17064,115.0
17065,119.0
17066,103.0
17067,105.0
17068,106.0
17069,101.0
17070,201.0
17071,181.0
17072,93.0
17073,79.0
17074,79.0
17075,80.0
17076,74.0
17077,79.0
17078,79.0
17079,84.0
17080,87.0
17081,116.0
17082,117.0
17083,118.0
17084,118.0
17085,117.0
17086,118.0
17087,119.0
17088,114.0
17089,115.0
17090,102.0
17091,96.0
17092,99.0
17093,92.0
17094,195.0
17095,200.0
17096,98.0
17097,90.0
17098,90.0
17099,87.0
17100,98.0
17101,93.0
17102,93.0
17103,93.0
17104,96.0
17105,97.0
17106,104.0
17107,102.0
17108,105.0
17109,99.0
17110,99.0
17111,97.0
17112,91.0
17113,61.0
17114,56.0
17115,56.0
17116,47.0
17117,62.0
17118,71.0
17119,100.0
17120,69.0
17121,69.0
17122,76.0
17123,78.0
17124,86.0
17125,79.0
17126,78.0
17127,87.0
17128,88.0
17129,91.0
17130,87.0
17131,89.0
17132,89.0
17133,85.0
17134,83.0
17135,73.0
17136,70.0
17137,75.0
17138,78.0
17139,81.0
17140,71.0
17141,71.0
17142,123.0
17143,121.0
17144,66.0
17145,66.0
17146,63.0
17147,70.0
17148,72.0
17149,72.0
17150,65.0
17151,69.0
17152,68.0
17153,79.0
17154,79.0
17155,86.0
17156,86.0
17157,86.0
17158,80.0
17159,75.0
17160,69.0
17161,64.0
17162,58.0
17163,58.0
17164,58.0
17165,55.0
17166,123.0
17167,116.0
17168,52.0
17169,52.0
17170,53.0
17171,52.0
17172,57.0
17173,57.0
17174,54.0
17175,56.0
17176,57.0
17177,56.0
17178,67.0
17179,77.0
17180,85.0
17181,83.0
17182,84.0
17183,69.0
17184,69.0
17185,67.0
17186,62.0
17187,58.0
17188,58.0
17189,57.0
17190,131.0
17191,134.0
17192,72.0
17193,72.0
17194,77.0
17195,72.0
17196,72.0
17197,72.0
17198,78.0
17199,83.0
17200,76.0
17201,85.0
17202,59.0
17203,59.0
17204,50.0
17205,50.0
17206,52.0
17207,55.0
17208,68.0
17209,55.0
17210,52.0
17211,73.0
17212,49.0
17213,65.0
17214,91.0
17215,61.0
17216,57.0
17217,48.0
17218,48.0
17219,48.0
17220,57.0
17221,56.0
17222,61.0
17223,68.0
17224,67.0
17225,96.0
17226,91.0
17227,80.0
17228,76.0
17229,71.0
17230,68.0
17231,68.0
17232,69.0
17233,67.0
17234,67.0
17235,64.0
17236,130.0
17237,138.0
17238,72.0
17239,70.0
17240,68.0
17241,67.0
17242,67.0
17243,47.0
17244,47.0
17245,47.0
17246,49.0
17247,38.0
17248,49.0
17249,49.0
17250,48.0
17251,47.0
17252,47.0
17253,45.0
17254,48.0
17255,43.0
17256,40.0
17257,61.0
17258,41.0
17259,49.0
17260,78.0
17261,70.0
17262,55.0
17263,68.0
17264,64.0
17265,71.0
17266,66.0
17267,70.0
17268,74.0
17269,69.0
17270,72.0
17271,72.0
17272,78.0
17273,78.0
17274,66.0
17275,68.0
17276,71.0
17277,71.0
17278,70.0
17279,68.0
17280,67.0
17281,70.0
17282,68.0
17283,70.0
17284,127.0
17285,142.0
17286,68.0
17287,70.0
17288,71.0
17289,68.0
17290,72.0
17291,74.0
17292,69.0
17293,68.0
17294,70.0
17295,76.0
17296,78.0
17297,78.0
17298,78.0
17299,77.0
17300,80.0
17301,68.0
17302,68.0
17303,73.0
17304,75.0
17305,71.0
17306,73.0
17307,74.0
17308,101.0
17309,96.0
17310,60.0
17311,61.0
17312,62.0
17313,62.0
17314,66.0
17315,65.0
17316,67.0
17317,67.0
17318,49.0
17319,47.0
17320,47.0
17321,47.0
17322,58.0
17323,57.0
17324,69.0
17325,69.0
17326,65.0
17327,67.0
17328,65.0
17329,63.0
17330,65.0
17331,59.0
17332,128.0
17333,126.0
17334,63.0
17335,67.0
17336,63.0
17337,63.0
17338,59.0
17339,61.0
17340,58.0
17341,60.0
17342,66.0
17343,73.0
17344,69.0
17345,69.0
17346,71.0
17347,71.0
17348,73.0
17349,72.0
17350,59.0
17351,74.0
17352,57.0
17353,52.0
17354,55.0
17355,53.0
17356,134.0
17357,136.0
17358,71.0
17359,78.0
17360,71.0
17361,71.0
17362,74.0
17363,80.0
17364,70.0
17365,71.0
17366,71.0
17367,67.0
17368,70.0
17369,73.0
17370,79.0
17371,79.0
17372,73.0
17373,78.0
17374,74.0
17375,76.0
17376,76.0
17377,70.0
17378,73.0
17379,73.0
